<?xml version="1.0" encoding="utf-8"?>
<selector xmlns:android="http://schemas.android.com/apk/res/android">
    <item android:state_pressed="true">
        <shape android:shape="oval">
            <gradient android:angle="90"
                android:endColor="#FF8A35"
                android:startColor="#FF0057" />
            <size android:width="15dp" android:height="15dp" />
        </shape>
    </item>
    <item android:state_pressed="false">
        <shape android:shape="oval">
            <gradient android:angle="90"
                android:endColor="#FF8A35"
                android:startColor="#FF0057" />
            <size android:width="15dp" android:height="15dp" />
        </shape>
    </item>
    <item>
        <shape android:shape="oval">
            <gradient android:angle="90"
                android:endColor="#FF8A35"
                android:startColor="#FF0057" />
            <size android:width="15dp" android:height="15dp" />
        </shape>
    </item>
</selector>
